Nr;Moduł;Priorytet;Co sprawdzasz;Gdzie kliknąć;Jak wykonać (krok po kroku);Co powinno się stać (sukces);Wynik (OK / Błąd / Pominięte);Tester;Data;Uwagi
R-00;Start;P0;Przygotowanie regresji;Panel biura;1) Zaloguj się jako biuro/admin. 2) Nazwij imprezę TEST REGRESJA 2026-08-11. 3) Upewnij się że masz szablon z programem i typami kontrahentów (klient hotel kierowca).;Zalogowany; gotowa nazwa testowa;;;;;;;
R-01;UI belka;P0;Brak globalnego wyszukiwania;Górna belka panelu;1) Spójrz na górną belkę. 2) Sprawdź czy NIE ma pola globalnego search.;Brak global search w belce;;;;;;;
R-02;Imprezy lista;P0;Szybkie filtry Zapytania / Potwierdzone;Obsługa imprez → Imprezy;1) Wejdź w listę Imprezy. 2) Kliknij tab Zapytania. 3) Kliknij Potwierdzone. 4) Wróć do Wszystkie.;Taby filtrują listę; brak błędu;;;;;;;
R-03;Zakładanie imprezy;P0;Lookup klienta tylko typ klient;Imprezy → Nowa impreza;1) W kroku zamawiającego wpisz 3+ znaki nazwy hotelu (nie-klient). 2) Sprawdź wyniki. 3) Zaznacz Szukaj we wszystkich kontrahentach. 4) Szukaj ponownie.;Bez checkboxa hotel NIE widać; z checkboxem widać;;;;;;;
R-04;Zakładanie imprezy;P0;Quick create: Firma → osoba + typ klient;Nowa impreza → dodaj ręcznie;1) Otwórz formularz ręczny. 2) Sprawdź kolejność: Firma najpierw potem Imię/Nazwisko/tel/email. 3) Utwórz klienta tylko z telefonem. 4) Otwórz Kontrahenci i sprawdź typ.;Firma jest pierwsza; nowy kontrahent ma typ klient;;;;;;;
R-05;Kontrahenci;P0;Kolumna Typ + Quick Tabs;Kontrahenci;1) Lista kontrahentów. 2) Sprawdź kolumnę Typ kontrahenta. 3) Kliknij tab klient potem hotel.;Kolumna widoczna; taby filtrują;;;;;;;
R-06;Program vs Plan;P0;Zmiana ceny w Programie nie psuje Planu;Impreza → Program → punkt;1) Zapisz planned_price / Plan w koszcie. 2) Zmień unit_price / cenę kalkulacyjną punktu. 3) Porównaj Finanse → Koszty (Plan) vs Kalkulacja.;Kalkulacja się zmienia; Plan w koszcie bez zmian;;;;;;;
R-07;Program;P1;Data zaliczki przy punkcie;Program → punkt z zaliczką;1) Ustaw zaliczkę z terminem (advance_due_date). 2) Spójrz na listę programu przy punkcie.;Widać datę zaliczki (np. · do dd.mm.rrrr);;;;;;;
R-08;Program;P0;Bulk przypisz kontrahenta same_point;Program → akcja Przypisz…;1) Ustaw kontrahenta na punkcie Nocleg dzień 1. 2) Przypisz → domyślnie Ten sam punkt. 3) Sprawdź inne punkty tego dnia (np. przejazd).;Zaktualizowany tylko identyczny punkt; nie wszystkie;;;;;;;
R-09;Program;P1;Ikony załączników;Program;1) Dodaj galerię/featured do punktu. 2) Spójrz na nazwę punktu na liście.;Widać ikonę 📎 / licznik;;;;;;;
R-10;Transport;P0;Kierowca z kontrahentów + modal wiadomości;Operacje → Transport;1) Wybierz/utwórz kierowcę (typ kierowca). 2) Wyślij info kierowcy. 3) Edytuj treść w modalu. 4) Wyślij (mail/SMS wg dostępności).;Modal z edytowalną treścią; zapis/wysłanie bez błędu;;;;;;;
R-11;Pilot;P0;Odprawa + autofill + Planowana/Wypłacona;Operacje → Pilot;1) Wybierz pilota z listy. 2) Sprawdź email/telefon. 3) Uzupełnij odprawę. 4) Ustaw Planowaną i zatwierdź Wypłaconą.;Dane się podciągają; Planowana/Wypłacona działa;;;;;;;
R-12;Pilot;P0;Modale Wymiana waluty / Zbiórka;Operacje → Pilot (nagłówek);1) Kliknij Wymiana waluty — modal z polami. 2) Zapisz przykładową wymianę. 3) Kliknij Zbiórka w autokarze — modal. 4) Dodaj zbiórkę.;Prawdziwe modale z polami; zapis OK;;;;;;;
R-13;Pilot;P0;Liczba osób 33+4;Panel pilota / Operacje Pilot;1) Ustaw participant_count=33 i gratis=4 (wariant). 2) Otwórz kartę w panelu pilota.;Widać 33 + 4 (płacący + opiekunowie);;;;;;;
R-14;Pilot;P0;Tylko płatności pilota;Operacje → Pilot (tabela kosztów) / portal;1) Dodaj koszt biuro i koszt pilot. 2) Sprawdź listę u pilota.;Tylko pozycje paid_by=pilot w kwotach rzeczywistych;;;;;;;
R-15;Pilot;P0;Zmiana płatnika nie psuje historii zaliczki;Finanse → Koszty;1) Zaliczka Biuro. 2) Zmień płatnika planu na Pilot. 3) Sprawdź wpłatę zaliczki.;Wpłata zaliczki nadal Biuro; plan Pilot;;;;;;;
R-16;Hotele;P0;Occupancy bez opiekunów/kierowcy/pilota;Operacje → Hotele;1) Sprawdź liczbę uczestników w planie.;Baza bez opiekunów; etykieta bez opiekunów kierowcy pilota;;;;;;;
R-17;Ubezpieczenia;P0;NNW/KL + zrobione + bulk zastąp;Operacje → Ubezpieczenia; Finanse → Koszty;1) Dodaj polisę NNW i KL z checkboxem zrobione. 2) W Kosztach zaznacz ubezpieczenia. 3) Zastąp rzeczywiste.;Polisy w Operacjach; bulk podstawia rzeczywiste;;;;;;;
R-18;Koszty;P0;Dodaj koszt z palca + kontrahent;Finanse → Koszty;1) Dodaj koszt. 2) Wybierz kontrahenta nazwę kwotę. 3) Zapisz.;Koszt na liście z danymi kontrahenta;;;;;;;
R-19;Koszty;P0;Underpay = Zapłacone (oszczędność);Finanse → Koszty;1) Plan 1000. 2) Dopłata 900 (pełne rozliczenie).;Status Zapłacone; widać oszczędność; NIE Częściowe;;;;;;;
R-20;Koszty;P0;Overpay = czerwono + checkbox;Finanse → Koszty;1) Plan 1000. 2) Dopłata 1200. 3) Zaznacz checkbox potwierdzenia. 4) Zatwierdź nadpłatę.;Czerwony Do sprawdzenia; bez checkboxa przycisk nieaktywny/ostrzeżenie;;;;;;;
R-21;Koszty;P0;Usuwanie grupy;Finanse → Koszty → grupy;1) Utwórz grupę niestystemową. 2) Usuń grupę.;Grupa znika; pozycje w Inne; bez 500;;;;;;;
R-22;Wpłaty;P0;Tylko Zaliczka / Dopłata;Finanse → Koszty → wpłata;1) Otwórz formularz wpłaty. 2) Sprawdź select Rodzaj.;Tylko Zaliczka i Dopłata (bez Kaucja/Pełna);;;;;;;
R-23;Wpłaty klientów;P0;Należne / Wpłacone / Różnica + Faktura wgrana;Finanse → Wpłaty;1) Sprawdź etykiety salda. 2) Wgraj plik faktury do wpisu. 3) Sprawdź badge.;Etykiety Należne/Wpłacone/Różnica; badge Faktura wgrana + link;;;;;;;
R-24;Wpłaty;P1;Raty zapłacone nie resetują się;Umowy / harmonogram;1) Oznacz ratę zapłaconą. 2) Przelicz / zastosuj szablon ponownie.;paid_amount / paid_at zostaje;;;;;;;
R-25;Należność;P0;Bez opiekunów + potrącenie rezygnacji;Finanse nagłówek + Uczestnicy;1) 33 płatnych + 4 gratis. 2) Sprawdź Należne (tylko 33×cena). 3) Rezygnacja z potrąceniem.;Należne bez gratisów; due = retention po rezygnacji;;;;;;;
R-26;Zadania;P0;Nowe zadanie + sort + treść + podzadanie;Belka imprezy + Operacje → Zadania;1) Kliknij Nowe zadanie obok Szablon. 2) Sprawdź sortowanie (najnowsza modyfikacja na górze). 3) Treść czytelna. 4) Dodaj podzadanie.;Podzadanie na górze; licznik/parent touch; treść OK;;;;;;;
R-27;Belka;P1;Licznik komentarzy owner=author;Górna belka powiadomień;1) Wejdź w zadanie gdzie jesteś owner i author. 2) Dodaj komentarz. 3) Sprawdź aktywność/licznik.;Aktywność się odświeża; własny komentarz nie psuje belki;;;;;;;
R-28;Dokumenty;P0;Usunięcie pliku bez martwego linku;Dokumenty / załącznik zadania;1) Dodaj plik. 2) Usuń. 3) Odśwież / spróbuj link.;Plik i rekord znikają; brak martwego linku;;;;;;;
R-29;UI TipTap;P1;Kolor i highlight;Notatki / opis;1) Otwórz TipTap. 2) Ustaw kolor tekstu i highlight. 3) Zapisz i odśwież.;Kolor i podświetlenie zostają;;;;;;;
R-30;Podsumowanie;P1;Diety rzeczywiste;Podsumowanie;1) Ustaw diety u uczestników. 2) Sprawdź Podsumowanie / diet_info.;Agregat z uczestników; nie mock;;;;;;;
R-31;Eksporty;P0;Oferta Word wszędzie + 1 dzień;Belka imprezy;1) Wejdź w Finanse/Program/Operacje. 2) Kliknij Oferta Word. 3) Dla imprezy 1-dniowej sprawdź format.;Link wszędzie; plik OK dla 1 dnia;;;;;;;
R-32;Portal klienta;P1;Program bez godzin;Portal klienta → Program;1) Podgląd portalu. 2) Otwórz program.;Godziny ukryte;;;;;;;
R-33;Kalkulacja;P1;PDF i Excel;Finanse → Kalkulacja;1) Pobierz PDF. 2) Pobierz Excel.;Pliki się generują;;;;;;;
R-34;Faktury;P0;Wnioski + z palca + Fakturownia;Finanse / Użytkownicy;1) Finanse → Wnioski o fakturę. 2) Utwórz wniosek z Event Finanse Wpłaty. 3) Utwórz z Edit User. 4) Jeśli env FAKTUROWNIA_* — push.;Wnioski widoczne; create działa; push tylko z env;;;;;;;
R-35;Cloudflare;P1;Turnstile fail nie milczy;WWW wniosek faktury / kontakt;1) Z błędnym/pustym Turnstile wyślij formularz.;Komunikat błędu (nie fałszywy sukces);;;;;;;
R-36;Całość;P0;Werdykt regresji;CSV;1) Policz OK/Błąd/Pominięte. 2) Zgłoś fail z numerami R-xx.;Pass albo lista błędów kompletna;;;;;;;
